name,src_file,src_line,total_ns,total_perc,counts,mean_ns,min_ns,max_ns,std_ns
ResortTranslucent,/Users/obey/Desktop/MyVoxelGame/src/client/renderer/mesh/ChunkRenderer.cpp,767,511150262,0.142293,116346,4393,17,125904,7131.009343
Explode.Apply,/Users/obey/Desktop/MyVoxelGame/src/common/world/level/Explosion.cpp,1079,214559914,0.059729,4915,43654,1541,214997,8499888.743441
BlockTicks,/Users/obey/Desktop/MyVoxelGame/src/common/world/level/World.cpp,894,9112819,0.002537,2354,3871,42,82554,8058.637411
SubmitMultiDraw,/Users/obey/Desktop/MyVoxelGame/src/client/renderer/mesh/ChunkRenderer.cpp,967,43658458245,12.153539,337919,129197,17,18199728,414541.727898
GuiCollect,/Users/obey/Desktop/MyVoxelGame/src/client/renderer/gui/GuiRenderer.cpp,225,85960259,0.023929,128772,667,41,28726,924.410817
CreateRegion,/Users/obey/Desktop/MyVoxelGame/src/client/renderer/mesh/RenderRegionCache.cpp,57,229778372,0.063965,9019,25477,83,1304339,29246.867502
Gen.Biomes,/Users/obey/Desktop/MyVoxelGame/src/my_terrain_library/include/world/chunk/status/ChunkStatusTasks.h,202,2832316825,0.788454,1603,1766885,787499,43515320,24232606.697888
Render,/Users/obey/Desktop/MyVoxelGame/src/platform/PlatformMain.cpp,3374,22996665069,6.401758,125699,182950,3959,36722603,2846497.955247
ItemEntityTick,/Users/obey/Desktop/MyVoxelGame/src/server/IntegratedServer.cpp,1208,1046722825,0.291384,2355,444468,41,2768624,527225.202268
FinalizeUpload,/Users/obey/Desktop/MyVoxelGame/src/client/renderer/mesh/ClientMeshManager.cpp,367,416301,0.000116,6009,69,17,4042,167.289384
SessionTick,/Users/obey/Desktop/MyVoxelGame/src/server/session/PlayerSession.cpp,223,8025555,0.002234,2355,3407,976,35018,2134.651440
ResolveExplosions.Jitter,/Users/obey/Desktop/MyVoxelGame/src/server/entity/ServerLevelBridge.cpp,392,14847798,0.004133,1284,11563,2041,70678,8225.113784
FillBlockCacheFromRegion,/Users/obey/Desktop/MyVoxelGame/src/client/renderer/mesh/Mesher.cpp,459,513367186,0.142910,9019,56920,28685,950129,24889.122019
MobSystemTick,/Users/obey/Desktop/MyVoxelGame/src/server/IntegratedServer.cpp,1598,3694657799,1.028510,2354,1569523,1082,36811909,145938778.408475
AllocateSlab,/Users/obey/Desktop/MyVoxelGame/src/client/renderer/mesh/ChunkMegaBuffer.cpp,69,587608,0.000164,68,8641,2500,15083,2206.308384
ResolveExplosions,/Users/obey/Desktop/MyVoxelGame/src/server/entity/ServerLevelBridge.cpp,375,2190582,0.000610,1284,1706,207,13292,32069123.748871
ChunkResult.MarkReady,/Users/obey/Desktop/MyVoxelGame/src/server/IntegratedServer.cpp,2904,741228,0.000206,1092,678,41,6518,650.949148
RandomTick,/Users/obey/Desktop/MyVoxelGame/src/common/world/level/World.cpp,942,2062556792,0.574170,2355,875820,111820,2839759,464061.642443
EntityTracker,/Users/obey/Desktop/MyVoxelGame/src/server/entity/ServerEntityTracker.cpp,114,26101581137,7.266097,2331,11197589,41,69020184,12150314.955366
GetChunk,/Users/obey/Desktop/MyVoxelGame/src/server/world/ChunkProvider.cpp,272,396295652,0.110320,2211290,179,17,793831,7132161.165468
TitleFrame,/Users/obey/Desktop/MyVoxelGame/src/platform/PlatformMain.cpp,811,2298648079,0.639892,3073,748014,158023,12419906,950706.958468
Render.XpOrbs,/Users/obey/Desktop/MyVoxelGame/src/platform/PlatformMain.cpp,3584,7642066,0.002127,51883,147,17,31393,403.850647
ProcessChunkData,/Users/obey/Desktop/MyVoxelGame/src/client/world/ClientChunkManager.cpp,437,110845,0.000031,1131,98,0,6183,203140.288152
LoadFromDisk,/Users/obey/Desktop/MyVoxelGame/src/server/world/ChunkProvider.cpp,1121,34212524,0.009524,1093,31301,3917,1795203,79871.811116
WriteBuffers,/Users/obey/Desktop/MyVoxelGame/src/client/renderer/mesh/ClientMeshManager.cpp,363,316167,0.000088,9019,35,0,4124,944771.604548
ProcessMeshResult,/Users/obey/Desktop/MyVoxelGame/src/client/renderer/mesh/ClientMeshManager.cpp,339,898601,0.000250,9019,99,0,52060,944802.717214
Gen.Noise,/Users/obey/Desktop/MyVoxelGame/src/my_terrain_library/include/world/chunk/status/ChunkStatusTasks.h,256,29872498106,8.315836,1417,21081508,8693594,118744488,10114914.355004
Gen.Surface,/Users/obey/Desktop/MyVoxelGame/src/my_terrain_library/include/world/chunk/status/ChunkStatusTasks.h,278,5418271417,1.508326,1417,3823762,1447468,33036147,1659221.606112
SendNextChunks,/Users/obey/Desktop/MyVoxelGame/src/server/session/PlayerSession.cpp,622,2085365,0.000581,528,3949,999,34477,568389.357169
GameKeybinds,/Users/obey/Desktop/MyVoxelGame/src/platform/PlatformMain.cpp,2674,14322660,0.003987,101542,141,17,5611692,17614.322151
KeyStates,/Users/obey/Desktop/MyVoxelGame/src/platform/PlatformMain.cpp,2280,172319798,0.047970,125700,1370,375,166047,1420.091938
ClientMobTick,/Users/obey/Desktop/MyVoxelGame/src/client/entity/ClientMobManager.cpp,483,1620823,0.000451,7100,228,0,15685,10638398.779605
PortalTick,/Users/obey/Desktop/MyVoxelGame/src/server/IntegratedServer.cpp,1694,45838884193,12.760521,2354,19472763,334,72534205,17294133.314045
InputUI,/Users/obey/Desktop/MyVoxelGame/src/platform/PlatformMain.cpp,2275,85058897,0.023678,125700,676,0,556251,134925.052003
ClientMob.Sweep,/Users/obey/Desktop/MyVoxelGame/src/client/entity/ClientMobManager.cpp,682,10334754,0.002877,103,100337,6018,3250155,316168.087159
Explosion.RayMarch,/Users/obey/Desktop/MyVoxelGame/src/common/world/level/Explosion.cpp,390,1755649785,0.488734,4915,357202,67328,1425642,124282.267947
PollEvents,/Users/obey/Desktop/MyVoxelGame/src/platform/PlatformMain.cpp,2277,18159808,0.005055,125700,144,0,29767,130229.204009
ProcessWatchSetChanges,/Users/obey/Desktop/MyVoxelGame/src/server/IntegratedServer.cpp,3047,5042728,0.001404,2355,2141,457,34868,70917.728508
ApplyChunkData,/Users/obey/Desktop/MyVoxelGame/src/client/world/ClientChunkManager.cpp,574,222373297,0.061904,1131,196616,88469,386019,46230.220319
GuiFlush,/Users/obey/Desktop/MyVoxelGame/src/platform/PlatformMain.cpp,533,1753200133,0.488052,125699,13947,3875,329342,12512.649677
Biomes.NoiseChunkCreate,/Users/obey/Desktop/MyVoxelGame/src/my_terrain_library/src/levelgen/ChunkGenerator.cpp,1302,11375871,0.003167,1603,7096,1500,351273,22032208.157756
BindBlockVAO,/Users/obey/Desktop/MyVoxelGame/src/client/renderer/mesh/ChunkRenderer.cpp,346,21301164,0.005930,120502,176,17,36392,403.801015
AnimFrameUpload,/Users/obey/Desktop/MyVoxelGame/src/client/renderer/texture/TextureAnimator.cpp,92,9967129089,2.774626,149914,66485,4458,3738394,252356.896764
ResolveExplosions.Scan,/Users/obey/Desktop/MyVoxelGame/src/server/entity/ServerLevelBridge.cpp,413,112941175,0.031440,1284,87960,0,636353,689629.563287
Gen.Features,/Users/obey/Desktop/MyVoxelGame/src/my_terrain_library/include/world/chunk/status/ChunkStatusTasks.h,426,16101417547,4.482275,1247,12912123,2048844,120231349,10959857.924526
UploadSection,/Users/obey/Desktop/MyVoxelGame/src/client/renderer/mesh/ChunkMegaBuffer.cpp,123,1528929804,0.425620,17274,88510,666,11659924,620850.025762
InventoryInput,/Users/obey/Desktop/MyVoxelGame/src/platform/PlatformMain.cpp,2561,303887,0.000085,118,2575,958,14834,2211.707549
SerializeChunk,/Users/obey/Desktop/MyVoxelGame/src/server/session/PlayerSession.cpp,694,249149746,0.069358,1131,220291,102387,495923,54052.709349
NC.FullNoise,/Users/obey/Desktop/MyVoxelGame/src/my_terrain_library/src/levelgen/NoiseChunk.cpp,771,16788493,0.004674,1747,9609,1917,424478,13999.041158
ClientTick,/Users/obey/Desktop/MyVoxelGame/src/platform/PlatformMain.cpp,2887,933670732,0.259913,7100,131502,14768,587210,10619757.453580
ProcessMeshJob,/Users/obey/Desktop/MyVoxelGame/src/client/world/ClientWorkerPool.cpp,317,71974713,0.020036,9019,7980,917,2226766,457057.936372
Explosion.InteractWithBlocks,/Users/obey/Desktop/MyVoxelGame/src/common/world/level/Explosion.cpp,863,247344010,0.068855,4915,50324,209,513526,49925.485031
ClientMob.Simulate,/Users/obey/Desktop/MyVoxelGame/src/client/entity/ClientMobManager.cpp,537,29671175250,8.259792,7064,4200336,41,33840121,9174504.335801
PassShaderSwitch,/Users/obey/Desktop/MyVoxelGame/src/client/renderer/mesh/ChunkRenderer.cpp,359,165098892,0.045960,125700,1313,375,57994,1293.176999
UnloadChunk,/Users/obey/Desktop/MyVoxelGame/src/client/world/ClientChunkManager.cpp,85,1161416,0.000323,74,15694,5100,81910,11275.381537
ScheduleMeshBuildsWithSnapshots,/Users/obey/Desktop/MyVoxelGame/src/client/world/ClientChunkManager.cpp,873,1198723957,0.333698,121197,9890,18,1629973,44326.185994
RenderCutout,/Users/obey/Desktop/MyVoxelGame/src/client/renderer/mesh/ChunkRenderer.cpp,241,60638120,0.016880,125700,482,17,30018,681961.867523
RenderTranslucent,/Users/obey/Desktop/MyVoxelGame/src/client/renderer/mesh/ChunkRenderer.cpp,260,321154477,0.089402,125700,2554,41,58619,181962.859630
InventoryScreen,/Users/obey/Desktop/MyVoxelGame/src/platform/PlatformMain.cpp,385,24151675,0.006723,120817,199,17,875010,2620.610734
OcclusionBFS,/Users/obey/Desktop/MyVoxelGame/src/client/renderer/culling/SectionOcclusionGraph.cpp,507,4052925074,1.128244,9540,424834,4250,2512608,171855.957702
RemotePlayers,/Users/obey/Desktop/MyVoxelGame/src/platform/PlatformMain.cpp,3525,44307989,0.012334,125699,352,0,47786,1303176.463511
Explosion.BuildOcclusion,/Users/obey/Desktop/MyVoxelGame/src/common/world/level/Explosion.cpp,566,415562441,0.115683,4915,84549,29434,365419,34991.514637
SkyPass,/Users/obey/Desktop/MyVoxelGame/src/platform/PlatformMain.cpp,3465,4842577454,1.348065,125700,38524,12042,541883,30990.712373
Chat,/Users/obey/Desktop/MyVoxelGame/src/platform/PlatformMain.cpp,377,41255239,0.011485,123134,335,17,62535,669.247767
Cocoa.SendEvent,/Users/obey/Desktop/MyVoxelGame/ext/glfw/src/cocoa_window.m,1616,174239392,0.048504,1819,95788,250,24256958,614135.164807
PassShaderSwitch,/Users/obey/Desktop/MyVoxelGame/src/client/renderer/mesh/ChunkRenderer.cpp,377,135932892,0.037841,125700,1081,291,39768,1143.671175
PlayerInput,/Users/obey/Desktop/MyVoxelGame/src/platform/PlatformMain.cpp,2828,53794934,0.014975,125700,427,17,386478,1449.800865
XpOrbTick,/Users/obey/Desktop/MyVoxelGame/src/server/IntegratedServer.cpp,1228,4442874,0.001237,2355,1886,416,23101,1279.065203
Cocoa.PoolScope,/Users/obey/Desktop/MyVoxelGame/ext/glfw/src/cocoa_window.m,1600,13728422,0.003822,128773,106,0,470991,157672.293571
BfsSnapshot,/Users/obey/Desktop/MyVoxelGame/src/client/renderer/culling/SectionOcclusionGraph.cpp,32,233492014,0.064999,9540,24475,10583,732129,35256.460948
TexAnimation,/Users/obey/Desktop/MyVoxelGame/src/platform/PlatformMain.cpp,3363,189159220,0.052658,125700,1504,250,219498,386403.262874
BlockCube.Gather,/Users/obey/Desktop/MyVoxelGame/src/client/renderer/entity/BlockCubeEntityRenderer.cpp,260,2623667193,0.730370,116823,22458,17,5651853,211619.012192
ConvertSection,/Users/obey/Desktop/MyVoxelGame/src/server/world/MyTerrainGenerator.cpp,947,1496978679,0.416725,13520,110723,27958,36522275,794145.674541
EntityLoad.Read,/Users/obey/Desktop/MyVoxelGame/src/server/level/LevelEntityStore.cpp,104,20005458,0.005569,1092,18320,1166,126280,21474.604063
ChatInput,/Users/obey/Desktop/MyVoxelGame/src/platform/PlatformMain.cpp,2444,10958919,0.003051,5723,1914,625,872594,11601.133041
PrepareVisibleSections,/Users/obey/Desktop/MyVoxelGame/src/client/renderer/mesh/ChunkRenderer.cpp,426,150709068,0.041954,125700,1198,125,701113,54205.552485
BindSharedRenderState,/Users/obey/Desktop/MyVoxelGame/src/client/renderer/mesh/ChunkRenderer.cpp,831,280995929,0.078223,115830,2425,18,96719,2439.201889
Resort.Sort,/Users/obey/Desktop/MyVoxelGame/src/client/renderer/mesh/ClientMeshManager.cpp,224,5475718,0.001524,2485,2203,41,46310,4581.706536
Network,/Users/obey/Desktop/MyVoxelGame/src/platform/PlatformMain.cpp,2878,28348805,0.007892,125700,225,0,51643,75603.737722
ApplyPacket,/Users/obey/Desktop/MyVoxelGame/src/client/network/ClientConnection.cpp,824,393109154,0.109433,4023659,97,0,3268797,4057.420733
Nav.CreatePath,/Users/obey/Desktop/MyVoxelGame/src/common/entity/ai/navigation/PathNavigation.cpp,98,209762,0.000058,165,1271,208,8417,598930.215550
CompleteChunkLoad,/Users/obey/Desktop/MyVoxelGame/src/server/world/ChunkProvider.cpp,1205,4959827,0.001381,1093,4537,542,759047,25069.834218
LoadChunkInternal,/Users/obey/Desktop/MyVoxelGame/src/server/world/ChunkProvider.cpp,1062,830298,0.000231,1093,759,0,133029,320942091.280965
GenerateChunk,/Users/obey/Desktop/MyVoxelGame/src/server/world/ChunkProvider.cpp,1160,1681955,0.000468,1093,1538,208,33809,320922317.301607
Resort.Upload,/Users/obey/Desktop/MyVoxelGame/src/client/renderer/mesh/ClientMeshManager.cpp,232,2556368,0.000712,2496,1024,41,56451,2464.166406
Biomes.Fill,/Users/obey/Desktop/MyVoxelGame/src/my_terrain_library/src/levelgen/ChunkGenerator.cpp,1350,3049035216,0.848783,1603,1902080,592793,32037959,1864401.970249
NC.Aquifer,/Users/obey/Desktop/MyVoxelGame/src/my_terrain_library/src/levelgen/NoiseChunk.cpp,746,4553143138,1.267493,1747,2606263,567484,13221570,1113061.393439
EndPortals,/Users/obey/Desktop/MyVoxelGame/src/client/renderer/blockentity/EndPortalRenderer.cpp,264,1065261926,0.296545,120307,8854,18,171605,7300.043165
ConvertChunk,/Users/obey/Desktop/MyVoxelGame/src/server/world/MyTerrainGenerator.cpp,990,201265734,0.056028,1093,184140,29970,28055906,4001549.844833
UnloadUnwatchedChunks,/Users/obey/Desktop/MyVoxelGame/src/server/IntegratedServer.cpp,3149,88758589,0.024708,39,2275861,1584,85496593,13680469.257707
TerrainLibGetChunk,/Users/obey/Desktop/MyVoxelGame/src/server/world/MyTerrainGenerator.cpp,731,196080542170,54.584441,1093,179396653,1212995,6797962726,230674987.368356
PumpChunkPipeline,/Users/obey/Desktop/MyVoxelGame/src/server/IntegratedServer.cpp,3007,281631369,0.078400,4294,65587,41,3507104,130841.874526
ResolveExplosions.Apply,/Users/obey/Desktop/MyVoxelGame/src/server/entity/ServerLevelBridge.cpp,444,1289419,0.000359,1284,1004,0,38184,31469564.947949
ProcessPendingDestroys,/Users/obey/Desktop/MyVoxelGame/src/client/renderer/mesh/ClientMeshManager.cpp,678,3669611,0.001022,19804,185,17,25142,501.670760
Render.ItemEntities,/Users/obey/Desktop/MyVoxelGame/src/platform/PlatformMain.cpp,3579,30465757,0.008481,60475,503,17,2488091,10796.836040
NC.WrapRouter,/Users/obey/Desktop/MyVoxelGame/src/my_terrain_library/src/levelgen/NoiseChunk.cpp,728,29629693760,8.248245,1747,16960328,1687592,73433298,7711200.986690
MobRender,/Users/obey/Desktop/MyVoxelGame/src/client/renderer/entity/MobRenderer.cpp,734,121493641796,33.821115,117288,1035857,17,10982079,634019.319295
Explosion.HurtEntities,/Users/obey/Desktop/MyVoxelGame/src/common/world/level/Explosion.cpp,649,17232244203,4.797072,4915,3506051,19935,13549473,6153776.057005
NaturalSpawner,/Users/obey/Desktop/MyVoxelGame/src/common/world/spawn/NaturalSpawner.cpp,355,1170253742,0.325772,444579,2632,291,1552005,4253.540944
Gen.Spawn,/Users/obey/Desktop/MyVoxelGame/src/my_terrain_library/include/world/chunk/status/ChunkStatusTasks.h,637,420791,0.000117,1093,384,83,14584,613.626176
Settings,/Users/obey/Desktop/MyVoxelGame/src/platform/PlatformMain.cpp,2291,112006754,0.031180,125700,891,166,32017,1193.082195
Cocoa.NextEvent,/Users/obey/Desktop/MyVoxelGame/ext/glfw/src/cocoa_window.m,1606,1865831760,0.519406,130592,14287,1792,24626854,101229.349187
NaturalSpawner,/Users/obey/Desktop/MyVoxelGame/src/server/IntegratedServer.cpp,1772,3757183887,1.045916,2354,1596084,230422,5647691,1389743.810969
Present,/Users/obey/Desktop/MyVoxelGame/src/platform/PlatformMain.cpp,4505,86780185567,24.157664,125699,690380,115278,53525253,921613.861122
GpuTimerPoll,/Users/obey/Desktop/MyVoxelGame/src/client/renderer/mesh/ChunkRenderer.cpp,306,5327211,0.001483,60108,88,17,20750,288.250658
DeriveWaterCache,/Users/obey/Desktop/MyVoxelGame/src/client/renderer/mesh/Mesher.cpp,546,283466458,0.078911,9019,31429,16933,505781,11794.209219
Mob.Sweep,/Users/obey/Desktop/MyVoxelGame/src/server/entity/MobManager.cpp,332,1289790014,0.359049,2285,564459,41,3193578,587968.502231
RenderOpaque,/Users/obey/Desktop/MyVoxelGame/src/client/renderer/mesh/ChunkRenderer.cpp,222,73830717,0.020553,125700,587,41,36768,220854.346764
OcclusionPartial,/Users/obey/Desktop/MyVoxelGame/src/client/renderer/culling/SectionOcclusionGraph.cpp,269,26133017,0.007275,81719,319,17,1415160,7501.819787
BlockCube.Submit,/Users/obey/Desktop/MyVoxelGame/src/client/renderer/entity/BlockCubeEntityRenderer.cpp,458,144919001,0.040342,216,670921,12416,2914087,477445.977153
Mob.ClearRefs,/Users/obey/Desktop/MyVoxelGame/src/server/entity/MobManager.cpp,273,2309213041,0.642833,1338,1725869,458,4329914,892940.186481
PortalRender,/Users/obey/Desktop/MyVoxelGame/src/platform/PlatformMain.cpp,3750,43652142,0.012152,125696,347,41,30101,507.850844
TerrainTask,/Users/obey/Desktop/MyVoxelGame/src/server/world/MyTerrainGenerator.hpp,133,8321971099,2.316651,25417,327417,41,5976605666,39509539.864582
DrainUploads,/Users/obey/Desktop/MyVoxelGame/src/client/renderer/mesh/ClientMeshManager.cpp,406,23435877,0.006524,104405,224,0,98778,330139.226119
UploadMeshResultToGPU,/Users/obey/Desktop/MyVoxelGame/src/client/renderer/mesh/ClientMeshManager.cpp,688,505352743,0.140679,9019,56032,124,10215914,932975.696275
Render.BlockCubeEntities,/Users/obey/Desktop/MyVoxelGame/src/platform/PlatformMain.cpp,3581,7150504,0.001991,125697,56,0,33142,225615.278058
BlockCube.BuildBatch,/Users/obey/Desktop/MyVoxelGame/src/client/renderer/entity/BlockCubeEntityRenderer.cpp,410,14054576,0.003912,216,65067,4167,182148,40337.236323
DeriveOpaqueCache,/Users/obey/Desktop/MyVoxelGame/src/client/renderer/mesh/Mesher.cpp,518,33973338,0.009457,9019,3766,1833,42184,1466.893408
BlockEntities,/Users/obey/Desktop/MyVoxelGame/src/platform/PlatformMain.cpp,3728,3497605664,0.973655,122398,28575,17,346420,28565.573543
BuildSectionMeshFromCache,/Users/obey/Desktop/MyVoxelGame/src/client/renderer/mesh/Mesher.cpp,610,2873133053,0.799816,9019,318564,3917,2946454,188100.565834
ChunkResult.MarkPending,/Users/obey/Desktop/MyVoxelGame/src/server/IntegratedServer.cpp,2938,516343,0.000144,1091,473,41,6291,509.551326
MobTick,/Users/obey/Desktop/MyVoxelGame/src/server/entity/MobManager.cpp,111,168037225557,46.777808,2354,71383698,166,244380580,90391654.253822
Mob.ServerAiStep,/Users/obey/Desktop/MyVoxelGame/src/common/entity/Mob.cpp,206,4597710482,1.279900,175763,26158,17,18800079,323658.468528
ProcessAsyncChunkResults,/Users/obey/Desktop/MyVoxelGame/src/server/IntegratedServer.cpp,2851,2719045,0.000757,2335,1164,41,17434,28429.042247
Explosion.ExposureParallel,/Users/obey/Desktop/MyVoxelGame/src/common/world/level/Explosion.cpp,715,14209032395,3.955477,4895,2902764,19934,29287610,3711934.981050
Mob.ScanDying,/Users/obey/Desktop/MyVoxelGame/src/server/entity/MobManager.cpp,266,1321881674,0.367982,2275,581046,41,2688272,598554.117595
ChunkResult.PortalScan,/Users/obey/Desktop/MyVoxelGame/src/server/IntegratedServer.cpp,2921,4588579,0.001277,1092,4201,458,146796,5679.234047
GameLogic,/Users/obey/Desktop/MyVoxelGame/src/platform/PlatformMain.cpp,3149,344211343,0.095821,125700,2738,166,1903923,6180.971609
Gen.Carvers,/Users/obey/Desktop/MyVoxelGame/src/my_terrain_library/include/world/chunk/status/ChunkStatusTasks.h,351,1898526726,0.528507,1417,1339821,133154,12071152,961837.401410
BlockCubeRender,/Users/obey/Desktop/MyVoxelGame/src/client/renderer/entity/BlockCubeEntityRenderer.cpp,168,23963325,0.006671,125690,190,0,75576,225599.702551
Gen.Full,/Users/obey/Desktop/MyVoxelGame/src/my_terrain_library/include/world/chunk/status/ChunkStatusTasks.h,660,786382772,0.218911,1093,719471,450580,2791391,186321.982806
MarkNeighborSectionsDirty,/Users/obey/Desktop/MyVoxelGame/src/client/world/ClientChunkManager.cpp,217,1298879,0.000362,1205,1077,166,21435,829.523185
FrustumFilter,/Users/obey/Desktop/MyVoxelGame/src/client/renderer/mesh/ChunkRenderer.cpp,662,4344639333,1.209450,119342,36404,17,461472,36210.411126
RenderAll,/Users/obey/Desktop/MyVoxelGame/src/client/renderer/mesh/ChunkRenderer.cpp,294,54654006,0.015214,125700,434,0,95237,991897.423479
NC.Arena,/Users/obey/Desktop/MyVoxelGame/src/my_terrain_library/src/levelgen/NoiseChunk.cpp,679,31692826,0.008823,1747,18141,2000,901676,37288.788373
WorldLoop,/Users/obey/Desktop/MyVoxelGame/src/common/world/level/World.cpp,846,61552878,0.017135,2355,26137,541,2206969,1198968.185660
Mob.PatchIndex,/Users/obey/Desktop/MyVoxelGame/src/server/entity/MobManager.cpp,315,1797526,0.000500,1337,1344,42,40160,1422.523291
BlockCube.Upload,/Users/obey/Desktop/MyVoxelGame/src/client/renderer/entity/BlockCubeEntityRenderer.cpp,450,3683617,0.001025,216,17053,5792,70577,6349.153661
DrainIncomingPackets,/Users/obey/Desktop/MyVoxelGame/src/client/network/ClientConnection.cpp,801,2304618734,0.641554,100830,22856,41,921466,79490.927550
Render.RemotePlayers,/Users/obey/Desktop/MyVoxelGame/src/platform/PlatformMain.cpp,3566,10534770,0.002933,56846,185,17,95762,558.924324
CloudPass,/Users/obey/Desktop/MyVoxelGame/src/platform/PlatformMain.cpp,3958,42188930,0.011744,125661,335,17,77785,550.233047
MeshSchedule,/Users/obey/Desktop/MyVoxelGame/src/platform/PlatformMain.cpp,3333,36363493,0.010123,125700,289,41,374461,45055.258558
DebugUI,/Users/obey/Desktop/MyVoxelGame/src/platform/PlatformMain.cpp,4115,1781668103,0.495977,125699,14174,292,881760,18961.558583
ServerTick,/Users/obey/Desktop/MyVoxelGame/src/server/IntegratedServer.cpp,1001,1628796876,0.453421,2354,691927,234141,58336197,174064992.919354
Path.FindPath,/Users/obey/Desktop/MyVoxelGame/src/common/world/pathfinder/PathFinder.cpp,15,45897291,0.012777,153,299982,3583,5070335,544462.165550
AcceptMeshResult,/Users/obey/Desktop/MyVoxelGame/src/client/world/ClientChunkManager.cpp,1247,406336,0.000113,4730,85,41,3125,161.394358
BuildRegion,/Users/obey/Desktop/MyVoxelGame/src/client/world/ClientChunkManager.cpp,1205,2735647,0.000762,9019,303,0,38784,38834.390706
HudRender,/Users/obey/Desktop/MyVoxelGame/src/platform/PlatformMain.cpp,4085,214822520,0.059802,125699,1709,332,72594,22835.902119
PopResult,/Users/obey/Desktop/MyVoxelGame/src/client/renderer/mesh/ClientMeshManager.cpp,458,8218803,0.002288,34816,236,17,24517,510.625482
ChunkResult.EntityLoad,/Users/obey/Desktop/MyVoxelGame/src/server/IntegratedServer.cpp,2929,1231265,0.000343,1089,1130,0,76951,28829.973918
Hud,/Users/obey/Desktop/MyVoxelGame/src/platform/PlatformMain.cpp,372,113527577,0.031604,125699,903,167,54018,1184.769597
PerformGPUUploads,/Users/obey/Desktop/MyVoxelGame/src/client/renderer/mesh/ClientMeshManager.cpp,152,27102358,0.007545,125700,215,0,35643,300896.284474
Mob.RebuildIndex,/Users/obey/Desktop/MyVoxelGame/src/server/entity/MobManager.cpp,78,4166324609,1.159812,2349,1773658,42,7201648,1636839.588178
ClientMob.Prepare,/Users/obey/Desktop/MyVoxelGame/src/client/entity/ClientMobManager.cpp,508,1640178292,0.456589,7057,232418,41,2284236,527014.974760
CursorToggle,/Users/obey/Desktop/MyVoxelGame/src/platform/PlatformMain.cpp,2834,17122304,0.004766,99635,171,17,4356764,15279.350191
MeshUpload,/Users/obey/Desktop/MyVoxelGame/src/platform/PlatformMain.cpp,3343,15673290,0.004363,125700,124,0,43993,300909.036664
UpdateChunkTracking,/Users/obey/Desktop/MyVoxelGame/src/server/session/PlayerSession.cpp,546,1204989,0.000335,2124,567,17,515341,11545.807642
BuildDrawList,/Users/obey/Desktop/MyVoxelGame/src/client/renderer/mesh/ChunkRenderer.cpp,925,5278868591,1.469519,341559,15455,41,505674,21959.504848
